Iteration,Type,Mobility,Delay,Tp_type,Ap_type,Server_type,V_id,Tile_scheme,VP_trace,VP_error,Thread,Total_seg,Algo,Buffer_time,Host_num,Bg_traffic,til_720_z1, til_1080_z1, til_4k_z1, til_720_z2, til_1080_z2, til_4k_z2, til_720_z3, til_1080_z3,til_4k_z3, z1_bit, z2_bit, z3_bit, qt_sw_z1, qt_sw_z2, qt_sw_z3, total_stall, start_time,QoE,QoE1,nQoE,nQoE1
1,5g,19op,1,tcp,http-1.1_p,WSGI_caddy,v1,12x4,1,0,1,60,0,2,1,no,1,0,59,8,0,472,39,0,2301,3829982.504553,122863000.650723,173027599.036237,1,1,1,0.052947,0.000134,17853131357.667145,52444165500.91196,3.026816466919793,3.0179741900293875
1,5g,19op,1,tcp,http-1.1_p,WSGI_caddy,v1,12x4,1,0,1,60,1,2,1,no,1,0,59,8,0,472,2340,0,0,5861652.133196,109825954.903133,103098052.748353,1,1,0,0.109233,0.00013,16061126894.175196,34914425402.03938,2.6164078481581736,1.7622464843592487
1,5g,19op,1,tcp,http-1.1_p,WSGI_caddy,v1,12x4,1,0,1,60,0,4,1,no,1,0,59,8,0,472,39,0,2301,4184098.878814,125676210.037633,175709496.767051,1,1,1,0.0,0.00013,18273106397.32883,53356670559.01244,3.1230000308859456,3.083340697265546
1,5g,19op,1,tcp,http-1.1_p,WSGI_caddy,v1,12x4,1,0,1,60,1,4,1,no,1,0,59,8,0,472,2340,0,0,5581524.885341,123320573.955863,106128358.008068,1,1,0,0.0,0.0006,17992586693.826035,36907234917.9326,3.058754820343523,1.904999663078148
1,5g,19op,1,tcp,http-1.1_p,WSGI_caddy,v1,12x4,2,0,1,60,0,2,1,no,1,0,59,8,0,472,39,0,2301,3268157.205938,131164237.175043,186959276.654135,1,1,1,0.196285,0.000124,19024912754.01105,56477500106.67647,3.2951802986855636,3.3068986111634118
1,5g,19op,1,tcp,http-1.1_p,WSGI_caddy,v1,12x4,2,0,1,60,1,2,1,no,1,0,59,8,0,472,2340,0,0,4037714.705928,124434411.508129,112100534.419122,1,1,0,0.029934,0.000134,18088139273.69025,38346812575.47463,3.080638472488432,2.0081225581606317
1,5g,19op,1,tcp,http-1.1_p,WSGI_caddy,v1,12x4,2,0,1,60,0,4,1,no,1,0,59,8,0,472,39,0,2301,2990816.261765,120370585.096851,179533219.902191,1,1,1,0.0,0.000178,17458978535.939907,53691963908.40367,2.936546761435437,3.107359145113759
1,5g,19op,1,tcp,http-1.1_p,WSGI_caddy,v1,12x4,2,0,1,60,1,4,1,no,1,0,59,8,0,472,2340,0,0,4446903.205373,125295174.775976,107871446.6831,1,1,0,0.0,0.0002,18229275101.36529,37457025236.06383,3.1129616956019617,1.9443834149702244
1,5g,19op,1,tcp,http-1.1_p,WSGI_caddy,v1,12x4,3,0,1,60,0,2,1,no,1,0,59,8,0,472,39,0,2301,2914640.246265,126612350.6103,185807649.513189,1,1,1,0.231325,0.000175,18354593376.23089,55756190533.02266,3.1416623496131453,3.2552282263834083
1,5g,19op,1,tcp,http-1.1_p,WSGI_caddy,v1,12x4,3,0,1,60,1,2,1,no,1,0,59,8,0,472,2340,0,0,4558593.896412,116575391.95296,106539755.460432,1,1,0,0.136083,0.000126,16978317383.28983,36313001347.38896,2.8264647366579503,1.8624322574028676
1,5g,19op,1,tcp,http-1.1_p,WSGI_caddy,v1,12x4,3,0,1,60,0,4,1,no,1,0,59,8,0,472,39,0,2301,2626693.24179,123533103.8486,187912120.0519,1,1,1,0.0,0.000205,17899088069.352726,55940935176.76456,3.037341569367893,3.2684622484688686
1,5g,19op,1,tcp,http-1.1_p,WSGI_caddy,v1,12x4,3,0,1,60,1,4,1,no,1,0,59,8,0,472,2340,0,0,4063231.390539,124951670.066177,106065801.590712,1,1,0,0.0,0.004999,18163696206.910667,36985413616.06079,3.09794267972262,1.9105999262126314
1,5g,19op,1,tcp,http-1.1_p,WSGI_caddy,v1,8x4,1,0,1,60,0,2,1,no,1,0,59,8,0,472,23,0,1357,5184132.9693,41764517.54318,44106116.602537,1,1,1,0.282497,0.000197,6231824108.712955,10313771357.790451,0.36528031931794247,0.0
1,5g,19op,1,tcp,http-1.1_p,WSGI_caddy,v1,8x4,1,0,1,60,1,2,1,no,1,0,59,11,0,469,1377,0,3,6474458.50037,136171053.053598,18906012.51617,1,1,0,0.406655,0.000131,19880558893.984528,15953378074.743313,3.491142171331203,0.4039883286128464
1,5g,19op,1,tcp,http-1.1_p,WSGI_caddy,v1,8x4,1,0,1,60,0,4,1,no,1,0,59,8,0,472,23,0,1357,5683797.060016,122217414.070638,155908053.300672,1,1,1,0.0,0.000126,17838027101.69197,33486902581.79403,3.0233572585536965,1.659987127075694
1,5g,19op,1,tcp,http-1.1_p,WSGI_caddy,v1,8x4,1,0,1,60,1,4,1,no,1,0,59,8,0,472,1380,0,0,6185184.702477,154566635.141999,101833655.272965,1,1,0,0.0,0.000437,22517373216.95,29151219157.90323,4.095030915062548,1.349404210975038
1,5g,19op,1,tcp,http-1.1_p,WSGI_caddy,v1,8x4,2,0,1,60,0,2,1,no,1,0,59,8,0,472,23,0,1357,4201491.559162,142839316.740935,170617145.173258,1,1,1,0.023001,0.000151,20745324255.07983,37434203085.42459,3.6891925471145504,1.9427485700324771
1,5g,19op,1,tcp,http-1.1_p,WSGI_caddy,v1,8x4,2,0,1,60,1,2,1,no,2,0,58,14,0,466,1373,0,7,4835205.438331,136477259.648277,104524327.992447,1,1,0,0.149803,0.000125,19855804016.117126,27729252816.05744,3.485472757308999,1.2475428871952854
1,5g,19op,1,tcp,http-1.1_p,WSGI_caddy,v1,8x4,2,0,1,60,0,4,1,no,1,0,59,8,0,472,23,0,1357,3818141.490466,145006469.06259,195805742.819534,1,1,1,0.0,0.000124,21041293486.61201,41102175480.7033,3.756976040952709,2.2055005865715573
1,5g,19op,1,tcp,http-1.1_p,WSGI_caddy,v1,8x4,2,0,1,60,1,4,1,no,1,0,59,8,0,472,1380,0,0,5332824.139684,157344601.821411,112363157.992213,1,1,0,0.0,0.00041,22881601275.14817,30835176190.74589,4.178447188472967,1.4700330103395312
1,5g,19op,1,tcp,http-1.1_p,WSGI_caddy,v1,8x4,3,0,1,60,0,2,1,no,1,0,59,8,0,472,23,0,1357,3343126.751151,127899476.57896,168691747.367249,1,1,1,0.149391,0.000142,18557935949.275627,35698222210.16589,3.188232291953637,1.8183930879043624
1,5g,19op,1,tcp,http-1.1_p,WSGI_caddy,v1,8x4,3,0,1,60,1,2,1,no,1,0,59,8,0,472,1380,0,0,4827079.817979,132799965.416607,83694512.73228,1,1,0,0.296443,0.000189,19325932370.07097,24501376787.22844,3.364120442175256,1.0163167915996196
1,5g,19op,1,tcp,http-1.1_p,WSGI_caddy,v1,8x4,3,0,1,60,0,4,1,no,1,0,59,8,0,472,23,0,1357,2506725.338626,124308377.019001,169680238.659754,1,1,1,0.0,0.000189,18005688753.95763,35454759592.09161,3.0617554816203714,1.8009528547299687
1,5g,19op,1,tcp,http-1.1_p,WSGI_caddy,v1,8x4,3,0,1,60,1,4,1,no,1,0,59,8,0,472,1380,0,0,3812580.858489,133445146.250467,94946394.21292,1,1,0,0.0,0.000207,19376229455.122955,26073464836.58348,3.375639586030343,1.1289319535012508
1,5g,19oi,1,tcp,http-1.1_p,WSGI_caddy,v1,12x4,1,0,1,60,0,2,1,no,1,0,59,8,0,472,39,0,2301,4544022.738724,108119514.510957,181735558.451858,1,1,1,0.18097,0.000181,15760059042.82526,53096443024.03398,2.547456657721247,3.0646995238307086
1,5g,19oi,1,tcp,http-1.1_p,WSGI_caddy,v1,12x4,1,0,1,60,1,2,1,no,1,0,59,13,0,467,2335,0,5,5916572.842829,128189986.191488,111183873.340313,1,1,0,0.021665,0.000122,18707854069.879368,38571761094.42119,3.2225668542037917,2.024236549925337
1,5g,19oi,1,tcp,http-1.1_p,WSGI_caddy,v1,12x4,1,0,1,60,0,4,1,no,1,0,59,8,0,472,39,0,2301,4931741.809704,121818526.100612,180429533.388406,1,1,1,0.0,0.000128,17749000913.49508,54122222473.552536,3.002968294309545,3.1381803437060904
1,5g,19oi,1,tcp,http-1.1_p,WSGI_caddy,v1,12x4,1,0,1,60,1,4,1,no,2,0,58,19,0,461,2328,0,12,4758689.037434,137885492.693796,106089209.130969,1,1,0,0.0,0.000195,20055375886.47796,38261747173.92244,3.5311791254163967,2.002028972008153
1,5g,19oi,1,tcp,http-1.1_p,WSGI_caddy,v1,12x4,2,0,1,60,0,2,1,no,1,0,59,8,0,472,39,0,2301,3069886.636092,117633573.048534,183452101.446625,1,1,1,0.217862,0.000132,17068169755.7674,54349549987.948105,2.847042915357973,3.154464752743393
1,5g,19oi,1,tcp,http-1.1_p,WSGI_caddy,v1,12x4,2,0,1,60,1,2,1,no,1,0,59,8,0,472,2340,0,0,4516955.981851,122532592.243791,113983304.002985,1,1,0,0.097767,0.000138,17834405432.922626,38624934142.0191,3.022527816380131,2.0280455550039638
1,5g,19oi,1,tcp,http-1.1_p,WSGI_caddy,v1,12x4,2,0,1,60,0,4,1,no,1,0,59,8,0,472,39,0,2301,2901791.379495,125057365.510072,176673608.743735,1,1,1,0.0,0.000129,18130135870.38856,53469006771.93898,3.0902566211006604,3.0913878043034293
1,5g,19oi,1,tcp,http-1.1_p,WSGI_caddy,v1,12x4,2,0,1,60,1,4,1,no,1,0,59,8,0,472,2340,0,0,4220068.465131,123119762.652655,108203743.568869,1,1,0,0.0,0.000223,17906488696.5168,37316416084.40463,3.0390364765147533,1.9343110005240693
1,5g,19oi,1,tcp,http-1.1_p,WSGI_caddy,v1,12x4,3,0,1,60,0,2,1,no,1,0,59,8,0,472,39,0,2301,3207034.390891,115185667.347882,182024456.308669,1,1,1,0.375465,0.000118,16721431539.897415,53786242283.42778,2.7676322023010584,3.11411269461852
1,5g,19oi,1,tcp,http-1.1_p,WSGI_caddy,v1,12x4,3,0,1,60,1,2,1,no,2,0,58,10,0,470,2337,0,3,4790832.321019,127281742.014402,110488744.509413,1,1,0,0.012521,0.000123,18529785806.50229,38274628405.113686,3.1817852872452694,2.0029517078159147
1,5g,19oi,1,tcp,http-1.1_p,WSGI_caddy,v1,12x4,3,0,1,60,0,4,1,no,1,0,59,8,0,472,39,0,2301,2517209.352975,122616086.641104,182273648.403686,1,1,1,0.0,0.000179,17762439268.14321,54528900835.83261,3.0060459744615358,3.167312394947654
1,5g,19oi,1,tcp,http-1.1_p,WSGI_caddy,v1,12x4,3,0,1,60,1,4,1,no,1,0,59,13,0,467,2335,0,5,3689961.254429,117834704.255045,107537034.550485,1,1,0,0.0,0.000125,17123175784.412027,36630776065.08336,2.8596405113458827,1.8851957732861422
1,5g,19oi,1,tcp,http-1.1_p,WSGI_caddy,v1,8x4,1,0,1,60,0,2,1,no,1,0,59,8,0,472,23,0,1357,4269699.622723,145055606.450724,155566711.668046,1,1,1,0.337728,0.000131,21067334710.60585,35572871811.161385,3.762940056661324,1.8094137209508903
1,5g,19oi,1,tcp,http-1.1_p,WSGI_caddy,v1,8x4,1,0,1,60,1,2,1,no,2,0,58,15,0,465,1372,0,8,6680707.442502,126029899.322779,88162365.220386,1,1,0,0.160363,0.00014,18428895213.375107,24545866446.395035,3.158679112112937,1.0195037696903506
1,5g,19oi,1,tcp,http-1.1_p,WSGI_caddy,v1,8x4,1,0,1,60,0,4,1,no,1,0,59,8,0,472,23,0,1357,5622725.71342,130161298.745384,168813274.533317,1,1,1,0.0,0.000128,18979381498.29839,36027871044.117744,3.2847526350562544,1.8420071957918958
1,5g,19oi,1,tcp,http-1.1_p,WSGI_caddy,v1,8x4,1,0,1,60,1,4,1,no,1,0,59,8,0,472,1380,0,0,5957275.535419,141115926.052961,93571435.288735,1,1,0,0.0,0.000171,20570898923.11315,26710192542.51652,3.649245291944221,1.1745433896547928
1,5g,19oi,1,tcp,http-1.1_p,WSGI_caddy,v1,8x4,2,0,1,60,0,2,1,no,1,0,59,8,0,472,23,0,1357,3944312.089685,116088014.685425,150606051.762697,1,1,1,0.271691,0.00021,16882335220.298826,32093745658.65068,2.8044827004848205,1.560189540980862
1,5g,19oi,1,tcp,http-1.1_p,WSGI_caddy,v1,8x4,2,0,1,60,1,2,1,no,1,0,59,8,0,472,1380,0,0,4141241.463984,137072329.229019,99729480.579566,1,1,0,0.232602,0.000193,19912347548.46496,27095544065.55227,3.498422475618047,1.2021477112915575
1,5g,19oi,1,tcp,http-1.1_p,WSGI_caddy,v1,8x4,2,0,1,60,0,4,1,no,1,0,59,8,0,472,23,0,1357,3435334.492952,132116265.787311,176518338.566689,1,1,1,0.0,0.0002,19169026321.075905,37186976285.48806,3.328185489916307,1.925038692959945
1,5g,19oi,1,tcp,http-1.1_p,WSGI_caddy,v1,8x4,2,0,1,60,1,4,1,no,1,0,59,11,0,469,1377,0,3,4749006.665876,121963330.678202,95225209.959773,1,1,0,0.0,0.000166,17762177896.62721,25049016998.62225,3.0059861146090343,1.0555465224631417
1,5g,19oi,1,tcp,http-1.1_p,WSGI_caddy,v1,8x4,3,0,1,60,0,2,1,no,1,0,59,8,0,472,23,0,1357,1694947.23781,64550576.310833,79895669.21746,1,1,1,1.882671,0.000513,9366470763.650269,17293645452.73973,1.0831836673105424,0.4999972180808777
1,5g,19oi,1,tcp,http-1.1_p,WSGI_caddy,v1,8x4,3,0,1,60,1,2,1,no,1,0,59,8,0,472,1380,0,0,4405224.611251,106705366.351209,91639058.388844,1,1,0,0.302104,0.000164,15550592185.946892,23074924658.84933,2.499484119058999,0.9141341323979019
1,5g,19oi,1,tcp,http-1.1_p,WSGI_caddy,v1,8x4,3,0,1,60,0,4,1,no,1,0,59,8,0,472,23,0,1357,2293674.024583,90093968.112716,106920420.679966,1,1,1,0.0,0.000588,13069865716.261106,23500373300.686047,1.9313429426887063,0.9446107763116617
1,5g,19oi,1,tcp,http-1.1_p,WSGI_caddy,v1,8x4,3,0,1,60,1,4,1,no,1,0,59,8,0,472,1380,0,0,2703780.298088,94502052.029089,68088409.691604,1,1,0,0.0,0.000137,13721854263.707855,18581956303.853004,2.0806627265717204,0.5922842468750161
1,5g,19mjk,1,tcp,http-1.1_p,WSGI_caddy,v1,12x4,1,0,1,60,0,2,1,no,1,0,59,8,0,472,39,0,2301,4185985.777348,128271673.181696,184720749.978611,1,1,1,0.086101,0.000125,18646932339.44201,55714547521.715614,3.208614431790377,3.2522451654395006
1,5g,19mjk,1,tcp,http-1.1_p,WSGI_caddy,v1,12x4,1,0,1,60,1,2,1,no,1,0,59,11,0,469,2337,0,3,5453332.485404,122619345.556693,102650756.368537,1,1,0,0.130369,0.000143,17886225722.98962,36020774126.60593,3.03439580784081,1.8414988142703113
1,5g,19mjk,1,tcp,http-1.1_p,WSGI_caddy,v1,12x4,1,0,1,60,0,4,1,no,1,0,59,8,0,472,39,0,2301,4291320.094276,126276555.151435,183665086.435691,1,1,1,0.0,0.000126,18364059384.765663,55280414963.44848,3.143830274731129,3.221146456715088
1,5g,19mjk,1,tcp,http-1.1_p,WSGI_caddy,v1,12x4,1,0,1,60,1,4,1,no,1,0,59,8,0,472,2340,0,0,5361824.321856,120947399.958149,104831564.083488,1,1,0,0.0,0.000159,17641622214.490757,36366733012.13579,2.9783761995683804,1.8662812785357428
1,5g,19mjk,1,tcp,http-1.1_p,WSGI_caddy,v1,12x4,2,0,1,60,0,2,1,no,1,0,59,8,0,472,39,0,2301,3451482.451199,135282300.267339,179472004.340943,1,1,1,0.149409,0.000124,19625613499.804203,55128512102.75264,3.4327540427205774,3.210265027231796
1,5g,19mjk,1,tcp,http-1.1_p,WSGI_caddy,v1,12x4,2,0,1,60,1,2,1,no,1,0,59,8,0,472,2340,0,0,4605246.720592,127835769.32667,108182107.342614,1,1,0,0.001487,0.000121,18601771144.29841,37780267334.88989,3.1982715202083423,1.9675385819519047
1,5g,19mjk,1,tcp,http-1.1_p,WSGI_caddy,v1,12x4,2,0,1,60,0,4,1,no,1,0,59,8,0,472,39,0,2301,3090488.29107,121259755.557352,179979749.251985,1,1,1,0.0,0.000149,17591205307.483032,53885998365.694565,2.966829613837811,3.12125863492368
1,5g,19mjk,1,tcp,http-1.1_p,WSGI_caddy,v1,12x4,2,0,1,60,1,4,1,no,1,0,59,8,0,472,2340,0,0,4208088.606822,123647033.153344,103152627.312018,1,1,0,0.0,0.000131,17981912494.567497,36184569694.31919,3.0563101928532843,1.853232167490804
1,5g,19mjk,1,tcp,http-1.1_p,WSGI_caddy,v1,12x4,3,0,1,60,0,2,1,no,1,0,59,8,0,472,39,0,2301,2992697.988453,114441791.815658,185973467.605765,1,1,1,0.159958,0.000129,16605311335.281431,54629896747.87878,2.741038109620119,3.1745471493821453
1,5g,19mjk,1,tcp,http-1.1_p,WSGI_caddy,v1,12x4,3,0,1,60,1,2,1,no,2,0,58,14,0,466,2333,0,7,3397795.868118,117628463.511916,97696692.855999,1,1,0,0.36353,0.000121,17081206169.613173,34296066049.44496,2.8500285421848295,1.7179508492423878
1,5g,19mjk,1,tcp,http-1.1_p,WSGI_caddy,v1,12x4,3,0,1,60,0,4,1,no,1,0,59,8,0,472,39,0,2301,2552729.671887,130147513.662896,171459236.714149,1,1,1,0.0,0.000132,18848456612.67572,52722837347.96752,3.254767943296493,3.0379366057391595
1,5g,19mjk,1,tcp,http-1.1_p,WSGI_caddy,v1,12x4,3,0,1,60,1,4,1,no,1,0,59,11,0,469,2337,0,3,4090364.03994,115997691.653815,111845752.736027,1,1,0,0.0,0.00182,16875462886.81896,37479479827.76618,2.8029087842649663,1.9459919301427895
1,5g,19mjk,1,tcp,http-1.1_p,WSGI_caddy,v1,8x4,1,0,1,60,0,2,1,no,1,0,59,8,0,472,23,0,1357,4731733.353045,115611136.345787,144357187.041853,1,1,1,0.095798,0.00015,16846736433.208654,31218693700.386604,2.796329791640611,1.4975059540197646
1,5g,19mjk,1,tcp,http-1.1_p,WSGI_caddy,v1,8x4,1,0,1,60,1,2,1,no,2,0,58,29,0,451,1358,0,22,5349234.354258,102900452.974905,81618166.991145,1,1,0,0.401962,0.000132,15042333068.53622,21366418370.618706,2.3830815505391407,0.7917467684471475
1,5g,19mjk,1,tcp,http-1.1_p,WSGI_caddy,v1,8x4,1,0,1,60,0,4,1,no,1,0,59,8,0,472,23,0,1357,4882873.330729,98984912.38958,120673376.780968,1,1,1,0.0,0.000162,14458908062.989449,26360558264.06324,2.2494643327500423,1.149497641809734
1,5g,19mjk,1,tcp,http-1.1_p,WSGI_caddy,v1,8x4,1,0,1,60,1,4,1,no,1,0,59,8,0,472,1380,0,0,5724802.050421,106450245.218674,61218958.747042,1,1,0,1.628379,0.000191,15569276989.603846,18907881526.29936,2.503763351960986,0.6156316170866779
1,5g,19mjk,1,tcp,http-1.1_p,WSGI_caddy,v1,8x4,2,0,1,60,0,2,1,no,1,0,59,8,0,472,23,0,1357,4102596.017768,116480271.400951,159415494.530175,1,1,1,0.088796,0.000133,16945468113.10077,33353753331.01928,2.818941527938175,1.650449096149735
1,5g,19mjk,1,tcp,http-1.1_p,WSGI_caddy,v1,8x4,2,0,1,60,1,2,1,no,1,0,59,11,0,469,1377,0,3,5005779.113569,119969291.277939,64427951.878158,1,1,0,0.117505,0.000213,17485820665.28685,20618352043.231613,2.942694202166936,0.7381596868543465
1,5g,19mjk,1,tcp,http-1.1_p,WSGI_caddy,v1,8x4,2,0,1,60,0,4,1,no,1,0,59,8,0,472,23,0,1357,2770256.895853,116066569.504949,160710208.440473,1,1,1,0.0,0.000131,16829936797.337854,33436750225.88568,2.792482303816838,1.6563945066224797
1,5g,19mjk,1,tcp,http-1.1_p,WSGI_caddy,v1,8x4,2,0,1,60,1,4,1,no,1,0,59,8,0,472,1380,0,0,4152219.096769,120350062.551869,86094668.658947,1,1,0,0.0,0.000215,17504802208.532555,23609063481.077583,2.9470413949915866,0.9523967029758406
1,5g,19mjk,1,tcp,http-1.1_p,WSGI_caddy,v1,8x4,3,0,1,60,0,2,1,no,1,0,59,8,0,472,23,0,1357,3329088.993214,128609036.668205,154349783.357804,1,1,1,0.050767,0.000143,18659523016.71758,33786559360.02072,3.21149797509354,1.6814527801024215
1,5g,19mjk,1,tcp,http-1.1_p,WSGI_caddy,v1,8x4,3,0,1,60,1,2,1,no,1,0,59,8,0,472,1380,0,0,4088008.308198,123382492.03259,81423425.737733,1,1,0,1.056051,0.000119,17938775196.095745,23252848330.438644,3.0464307983296783,0.9268795400679006
1,5g,19mjk,1,tcp,http-1.1_p,WSGI_caddy,v1,8x4,3,0,1,60,0,4,1,no,1,0,59,8,0,472,23,0,1357,2625162.928746,102138918.971327,145807551.370479,1,1,1,0.0,0.000147,14818261173.87778,30037035152.380207,2.331764135508337,1.4128588703206166
1,5g,19mjk,1,tcp,http-1.1_p,WSGI_caddy,v1,8x4,3,0,1,60,1,4,1,no,2,0,58,10,0,470,1377,0,3,3649293.96235,117522994.743182,78396995.15725,1,1,0,0.0,0.000187,17076581588.43603,22254263172.563828,2.8489694109092496,0.8553467596534867
1,5g,18mpo,1,tcp,http-1.1_p,WSGI_caddy,v1,12x4,1,0,1,60,0,2,1,no,1,0,59,8,0,472,39,0,2301,4637341.461996,120853493.39945,185758065.041424,1,1,1,0.341395,0.000899,17597671388.45269,55264090924.97231,2.9683104892561603,3.219977098397889
1,5g,18mpo,1,tcp,http-1.1_p,WSGI_caddy,v1,12x4,1,0,1,60,1,2,1,no,1,0,59,8,0,472,2340,0,0,5687840.073231,131883217.381516,108747368.064486,1,1,0,0.107529,0.000129,19230072584.55113,38346562277.4282,3.342166433147109,2.008104628277484
1,5g,18mpo,1,tcp,http-1.1_p,WSGI_caddy,v1,12x4,1,0,1,60,0,4,1,no,1,0,59,8,0,472,39,0,2301,3833875.534468,128811730.542428,186306359.937863,1,1,1,0.0,0.000236,18709911969.55622,56122637128.97958,3.2230381587017067,3.28147830998968
1,5g,18mpo,1,tcp,http-1.1_p,WSGI_caddy,v1,12x4,1,0,1,60,1,4,1,no,2,0,58,17,0,463,2330,0,10,4963858.287733,119626172.624804,102813909.911035,1,1,0,0.0,0.000122,17434650905.05601,35751049538.34769,2.930975196413022,1.8221773276729072
1,5g,18mpo,1,tcp,http-1.1_p,WSGI_caddy,v1,12x4,2,0,1,60,0,2,1,no,1,0,59,8,0,472,39,0,2301,3455994.960969,126935141.021794,183483438.121691,1,1,1,0.405832,0.000177,18423812092.753223,55266049844.18279,3.1575149651724987,3.220117423874017
1,5g,18mpo,1,tcp,http-1.1_p,WSGI_caddy,v1,12x4,2,0,1,60,1,2,1,no,1,0,59,8,0,472,2340,0,0,4309735.206039,132985030.980955,107939760.639245,1,1,0,0.030284,0.000529,19330853338.778767,38205475841.37625,3.365247452744416,1.9979980239784232
1,5g,18mpo,1,tcp,http-1.1_p,WSGI_caddy,v1,12x4,2,0,1,60,0,4,1,no,1,0,59,8,0,472,39,0,2301,3311111.066559,132807477.769008,186677738.308769,1,1,1,0.0,0.000129,19263343462.53213,56571175293.87157,3.349786199367201,3.31360895183197
1,5g,18mpo,1,tcp,http-1.1_p,WSGI_caddy,v1,12x4,2,0,1,60,1,4,1,no,1,0,59,8,0,472,2340,0,0,3987544.517042,126913119.069087,105181400.932507,1,1,0,0.0,0.000129,18442966014.66373,36963584117.654205,3.161901636520315,1.9090361890553533
1,5g,18mpo,1,tcp,http-1.1_p,WSGI_caddy,v1,12x4,3,0,1,60,0,2,1,no,1,0,59,8,0,472,39,0,2301,2643813.799542,132070471.112901,180621233.274237,1,1,1,0.166074,0.00016,19129188018.12364,55055173990.875885,3.319061638262173,3.2050115152889065
1,5g,18mpo,1,tcp,http-1.1_p,WSGI_caddy,v1,12x4,3,0,1,60,1,2,1,no,1,0,59,8,0,472,2340,0,0,3667311.337163,121512205.494034,100574251.435544,1,1,0,0.342245,0.00018,17651784664.829388,35353573637.13306,2.9807036252482155,1.7937044867365193
1,5g,18mpo,1,tcp,http-1.1_p,WSGI_caddy,v1,12x4,3,0,1,60,0,4,1,no,1,0,59,8,0,472,39,0,2301,2583992.266534,112995438.295616,172331636.567789,1,1,1,0.0,0.00015,16379870788.762438,51281692707.43556,2.689407243071141,2.9347014611912714
1,5g,18mpo,1,tcp,http-1.1_p,WSGI_caddy,v1,12x4,3,0,1,60,1,4,1,no,1,0,59,8,0,472,2340,0,0,3354673.314551,115514691.647137,99719014.430577,1,1,0,0.0,0.000162,16775011875.398222,34564556053.190605,2.7799032830565276,1.7371838974505907
1,5g,18mpo,1,tcp,http-1.1_p,WSGI_caddy,v1,8x4,1,0,1,60,0,2,1,no,1,0,59,8,0,472,23,0,1357,6038238.233382,127541007.988086,167450919.107622,1,1,1,0.034302,0.000277,18619511154.93774,35605769608.36154,3.2023343746328887,1.8117703260783338
1,5g,18mpo,1,tcp,http-1.1_p,WSGI_caddy,v1,8x4,1,0,1,60,1,2,1,no,1,0,59,8,0,472,1380,0,0,5466731.924977,123092884.352766,82007820.650789,1,1,0,0.201291,0.00015,17954978085.781193,23363598886.75724,3.050141618091139,0.9348130599719742
1,5g,18mpo,1,tcp,http-1.1_p,WSGI_caddy,v1,8x4,1,0,1,60,0,4,1,no,1,0,59,8,0,472,23,0,1357,9198833.534529,145094519.626329,239529953.645378,1,1,1,0.0,0.000115,21279961833.641125,47370558494.6395,3.8116363661036115,2.6545307590644187
1,5g,18mpo,1,tcp,http-1.1_p,WSGI_caddy,v1,8x4,1,0,1,60,1,4,1,no,1,0,59,8,0,472,1380,0,0,8619290.609783,169392803.101052,145102223.914801,1,1,0,0.0,0.000121,24754573851.161854,36647826202.65386,4.6073992940956785,1.8864171450812748
1,5g,18mpo,1,tcp,http-1.1_p,WSGI_caddy,v1,8x4,2,0,1,60,0,2,1,no,1,0,59,8,0,472,23,0,1357,5626298.999024,158469432.125802,242001149.175562,1,1,1,0.07068,9.9e-05,23055902782.770138,48845528626.95915,4.218366085132301,2.760188963335733
1,5g,18mpo,1,tcp,http-1.1_p,WSGI_caddy,v1,8x4,2,0,1,60,1,2,1,no,1,0,59,8,0,472,1380,0,0,7193035.501594,175899349.732285,144752819.210614,1,1,0,0.066182,9.4e-05,25631613851.230965,37164334115.24596,4.8082608334278145,1.9234167407616156
1,5g,18mpo,1,tcp,http-1.1_p,WSGI_caddy,v1,8x4,2,0,1,60,0,4,1,no,1,0,59,8,0,472,23,0,1357,5509316.412808,165770495.47871,257737201.141908,1,1,1,0.0,9.9e-05,24102342637.27177,51713092611.87709,4.458023934235117,2.9656044186324673
1,5g,18mpo,1,tcp,http-1.1_p,WSGI_caddy,v1,8x4,2,0,1,60,1,4,1,no,1,0,59,8,0,472,1380,0,0,7220759.439771,163394975.485906,148775044.695564,1,1,0,0.0,0.000101,23832148365.440395,36520145710.204834,4.396143475699018,1.877270863907821
1,5g,18mpo,1,tcp,http-1.1_p,WSGI_caddy,v1,8x4,3,0,1,60,0,2,1,no,1,0,59,8,0,472,23,0,1357,5442185.069629,176592343.931312,249521710.296544,1,1,1,0.065935,0.000103,25657869297.749336,51615432809.96952,4.814273910828067,2.9586086435500123
1,5g,18mpo,1,tcp,http-1.1_p,WSGI_caddy,v1,8x4,3,0,1,60,1,2,1,no,1,0,59,8,0,472,1380,0,0,6425402.752586,168921885.320503,145557935.954304,1,1,0,0.0,0.000101,24594618400.76062,36573363067.17038,4.570765961534305,1.8810830430495116
1,5g,18mpo,1,tcp,http-1.1_p,WSGI_caddy,v1,8x4,3,0,1,60,0,4,1,no,1,0,59,8,0,472,23,0,1357,6197614.691226,172754711.464184,239860475.359693,1,1,1,0.0,0.00012,25136978266.873493,49945497716.2302,4.694978355006462,2.8389842936137466
1,5g,18mpo,1,tcp,http-1.1_p,WSGI_caddy,v1,8x4,3,0,1,60,1,4,1,no,1,0,59,8,0,472,1380,0,0,6124124.164136,175881285.529291,164130420.449036,1,1,0,0.0,0.000112,25584118330.11106,39791814646.772095,4.797383309617301,2.1116340264108464
1,5g,18mn,1,tcp,http-1.1_p,WSGI_caddy,v1,12x4,1,0,1,60,0,2,1,no,1,0,59,8,0,472,39,0,2301,3547630.536313,113443394.666879,158504413.858152,1,1,1,0.151388,0.000129,16484849312.90417,48129599211.701744,2.71344964473385,2.708903981529256
1,5g,18mn,1,tcp,http-1.1_p,WSGI_caddy,v1,12x4,1,0,1,60,1,2,1,no,2,0,58,15,0,465,2332,0,8,6144812.64721,128382783.867159,102954571.655272,1,1,0,0.04975,0.000126,18745203006.839268,36674199148.64925,3.2311205860399603,1.8883063481601428
1,5g,18mn,1,tcp,http-1.1_p,WSGI_caddy,v1,12x4,1,0,1,60,0,4,1,no,1,0,59,8,0,472,39,0,2301,4352425.342885,125955733.34219,186396213.157599,1,1,1,0.0,0.000181,18320427464.675697,55891266143.12875,3.1338376009276567,3.264904250386835
1,5g,18mn,1,tcp,http-1.1_p,WSGI_caddy,v1,12x4,1,0,1,60,1,4,1,no,2,0,58,14,0,466,2333,0,7,6057587.436258,112993192.895626,102768862.412173,1,1,0,0.0,0.00029,16525438448.291693,35149678993.8501,2.722745453606258,1.779098671067603
1,5g,18mn,1,tcp,http-1.1_p,WSGI_caddy,v1,12x4,2,0,1,60,0,2,1,no,1,0,59,8,0,472,39,0,2301,3374441.371004,116761234.657083,183625818.754218,1,1,1,0.18707,0.000134,16955344326.397146,54319246651.34414,2.821203399010562,3.1522939995472123
1,5g,18mn,1,tcp,http-1.1_p,WSGI_caddy,v1,12x4,2,0,1,60,1,2,1,no,1,0,59,8,0,472,2340,0,0,4892509.731028,129908913.620683,110157297.141574,1,1,0,0.150751,0.000126,18912368968.432785,38453548645.8684,3.2694052849897974,2.0157685038524584
1,5g,18mn,1,tcp,http-1.1_p,WSGI_caddy,v1,12x4,2,0,1,60,0,4,1,no,1,0,59,8,0,472,39,0,2301,3176946.038599,130187181.621011,178583182.760672,1,1,1,0.0,0.000129,18880385886.046173,54419865934.23494,3.2620804524163054,3.159501774479298
1,5g,18mn,1,tcp,http-1.1_p,WSGI_caddy,v1,12x4,2,0,1,60,1,4,1,no,1,0,59,8,0,472,2340,0,0,4414177.499475,132284099.097771,99346872.249851,1,1,0,0.0,0.000125,19234305724.05645,36131837073.9285,3.3431359156304383,1.849454712032612
1,5g,18mn,1,tcp,http-1.1_p,WSGI_caddy,v1,12x4,3,0,1,60,0,2,1,no,1,0,59,8,0,472,39,0,2301,2581536.300753,112961643.058859,175841965.038277,1,1,1,0.057781,0.00013,16374901123.858238,52099762075.98992,2.688269079997001,2.9933031498335265
1,5g,18mn,1,tcp,http-1.1_p,WSGI_caddy,v1,12x4,3,0,1,60,1,2,1,no,2,0,58,10,0,470,2337,0,3,4299858.507885,127693460.276599,108248450.171223,1,1,0,0.099345,0.000183,18568452335.733395,37769303582.62291,3.1906407768254246,1.9667532030813626
1,5g,18mn,1,tcp,http-1.1_p,WSGI_caddy,v1,12x4,3,0,1,60,0,4,1,no,1,0,59,8,0,472,39,0,2301,2581265.912195,118147852.107571,186503041.951714,1,1,1,0.0,0.000181,17121703870.801653,55092318786.33936,2.8593034106053006,3.2076723504480054
1,5g,18mn,1,tcp,http-1.1_p,WSGI_caddy,v1,12x4,3,0,1,60,1,4,1,no,2,0,58,10,0,470,2337,0,3,3986542.486943,130142953.064822,105575675.298144,1,1,0,0.0,0.000149,18908020024.785378,37365866297.53952,3.26840928079909,1.9378533235895872
1,5g,18mn,1,tcp,http-1.1_p,WSGI_caddy,v1,8x4,1,0,1,60,0,2,1,no,1,0,59,8,0,472,23,0,1357,7695087.232693,177868147.178472,240584285.135313,1,1,1,0.015934,0.0001,25936206856.404144,50599167140.51071,4.878019361983029,2.8858093350455523
1,5g,18mn,1,tcp,http-1.1_p,WSGI_caddy,v1,8x4,1,0,1,60,1,2,1,no,1,0,59,8,0,472,1380,0,0,9524201.387859,158424969.072557,149592672.758632,1,1,0,0.025299,0.000109,23213212003.628983,36252602328.93742,4.254393372656652,1.8581056261786113
1,5g,18mn,1,tcp,http-1.1_p,WSGI_caddy,v1,8x4,1,0,1,60,0,4,1,no,1,0,59,8,0,472,23,0,1357,9378566.89358,161863517.32899,221061583.66479,1,1,1,0.0,8e-05,23702246303.90457,46439296017.85414,4.366393033255745,2.587820580433442
1,5g,18mn,1,tcp,http-1.1_p,WSGI_caddy,v1,8x4,1,0,1,60,1,4,1,no,1,0,38,8,0,304,897,0,0,9395149.613945,133981380.349659,127063048.072044,1,1,0,376.004905,9.9e-05,12797143167.367294,20014479512.62028,1.8688834528398068,0.6949018026470068
1,5g,18mn,1,tcp,http-1.1_p,WSGI_caddy,v1,8x4,2,0,1,60,0,2,1,no,1,0,59,8,0,472,23,0,1357,8871145.2322,153208530.420364,200501897.724652,1,1,1,0.048766,9.7e-05,22434616479.07468,42749868904.89916,4.076077793473528,2.3235316738291663
1,5g,18mn,1,tcp,http-1.1_p,WSGI_caddy,v1,8x4,2,0,1,60,1,2,1,no,1,0,59,13,0,467,1375,0,5,8323448.766756,155661289.969665,116915287.625171,1,1,0,0.120918,0.000163,22764810602.31485,31427378376.14454,4.151699543755408,1.5124548995044091
1,5g,18mn,1,tcp,http-1.1_p,WSGI_caddy,v1,8x4,2,0,1,60,0,4,1,no,1,0,59,8,0,472,23,0,1357,6055958.156224,160256802.284787,210356077.310327,1,1,1,0.0,9.2e-05,23331329770.57038,44668141929.72572,4.281444951248796,2.4609454957528185
1,5g,18mn,1,tcp,http-1.1_p,WSGI_caddy,v1,8x4,2,0,1,60,1,4,1,no,2,0,58,14,0,466,1373,0,7,7798293.582414,159200888.457259,141683265.433728,1,1,0,0.0,9.1e-05,23252456267.306248,35163104251.31234,4.263381176190756,1.7800603777247472
1,5g,18mn,1,tcp,http-1.1_p,WSGI_caddy,v1,8x4,3,0,1,60,0,2,1,no,1,0,59,8,0,472,23,0,1357,6292811.458529,155758040.803681,196603310.753259,1,1,1,0.051911,9.2e-05,22693455955.764664,42348326881.137726,4.13535775302358,2.2947675597359676
1,5g,18mn,1,tcp,http-1.1_p,WSGI_caddy,v1,8x4,3,0,1,60,1,2,1,no,1,0,59,8,0,472,1380,0,0,6912319.314788,162334865.094904,130220333.408526,1,1,0,0.042429,9.7e-05,23666537983.70437,33844870469.625538,4.358215038909065,1.685629845789998
1,5g,18mn,1,tcp,http-1.1_p,WSGI_caddy,v1,8x4,3,0,1,60,0,4,1,no,1,0,59,8,0,472,23,0,1357,6746854.352796,165826643.290955,206337967.931527,1,1,1,0.0,0.000102,24162404515.71452,44677365212.29936,4.47177943154224,2.461606197588648
1,5g,18mn,1,tcp,http-1.1_p,WSGI_caddy,v1,8x4,3,0,1,60,1,4,1,no,1,0,59,13,0,467,1375,0,5,6087703.624093,162037248.054281,140738328.445079,1,1,0,0.0,9.1e-05,23589047271.02802,35233148689.94344,4.340467953450148,1.7850779502455656
1,5g,18mk,1,tcp,http-1.1_p,WSGI_caddy,v1,12x4,1,0,1,60,0,2,1,no,1,0,59,8,0,472,39,0,2301,4180073.763825,30981280.19404,34015071.440736,1,1,1,0.744043,0.000327,4636867441.8216,11109292709.639893,0.0,0.05698648105078037
1,5g,18mk,1,tcp,http-1.1_p,WSGI_caddy,v1,12x4,1,0,1,60,1,2,1,no,1,0,59,8,0,472,2340,0,0,5353760.192406,110157325.230996,14353333.466856,1,1,0,0.770227,0.000124,16087512757.031923,14158641177.288445,2.622450793781624,0.27542390987012394
1,5g,18mk,1,tcp,http-1.1_p,WSGI_caddy,v1,12x4,1,0,1,60,0,4,1,no,1,0,59,8,0,472,39,0,2301,3778045.97527,124624575.526144,158476492.810815,1,1,1,0.0,0.000173,18104616805.725376,49206136498.20101,3.084412191416541,2.786020794968551
1,5g,18mk,1,tcp,http-1.1_p,WSGI_caddy,v1,12x4,1,0,1,60,1,4,1,no,1,0,59,8,0,472,2340,0,0,4706891.991522,122073761.311629,79626000.500348,1,1,0,0.0,0.00216,17776311091.509155,30549254665.73239,3.00922292852795,1.4495512702463051
1,5g,18mk,1,tcp,http-1.1_p,WSGI_caddy,v1,12x4,2,0,1,60,0,2,1,no,1,0,59,8,0,472,39,0,2301,2823526.362284,122518373.089402,188444504.520207,1,1,1,0.011681,0.000199,17761233831.038723,55976365980.4758,3.005769902728939,3.2710003033175674
1,5g,18mk,1,tcp,http-1.1_p,WSGI_caddy,v1,12x4,2,0,1,60,1,2,1,no,1,0,59,8,0,472,2340,0,0,4547800.965502,124839878.626318,111014563.90155,1,1,0,0.026597,0.000131,18167950161.62601,38153043940.62553,3.0989169293489836,1.9942421103104353
1,5g,18mk,1,tcp,http-1.1_p,WSGI_caddy,v1,12x4,2,0,1,60,0,4,1,no,1,0,59,8,0,472,39,0,2301,3516977.217354,126014797.083197,195186830.092609,1,1,1,0.0,0.000141,18293843822.108627,57918851803.78579,3.127749359380343,3.4101485880293696
1,5g,18mk,1,tcp,http-1.1_p,WSGI_caddy,v1,12x4,2,0,1,60,1,4,1,no,1,0,59,13,0,467,2335,0,5,4406022.810956,124157588.995344,104671716.377296,1,1,0,0.0,0.000166,18063745772.388943,36597363132.99977,3.0750518216849394,1.8828022669187696
1,5g,18mk,1,tcp,http-1.1_p,WSGI_caddy,v1,12x4,3,0,1,60,0,2,1,no,1,0,59,8,0,472,39,0,2301,3110655.25814,129224413.842329,182239688.407303,1,1,1,0.149394,0.000125,18738963112.49437,55180278335.37151,3.2296915123565624,3.2139732563413577
1,5g,18mk,1,tcp,http-1.1_p,WSGI_caddy,v1,12x4,3,0,1,60,1,2,1,no,1,0,59,8,0,472,2340,0,0,4018451.768491,126536081.922113,110856667.089264,1,1,0,0.103206,0.000197,18389970769.616344,38256698936.34265,3.1497645544069988,2.0016673458940186
1,5g,18mk,1,tcp,http-1.1_p,WSGI_caddy,v1,12x4,3,0,1,60,0,4,1,no,1,0,59,8,0,472,39,0,2301,2771653.603651,114428456.231051,159166815.61296,1,1,1,0.0,0.000125,16594107147.624142,48346576101.96625,2.738472103075797,2.7244469325974703
1,5g,18mk,1,tcp,http-1.1_p,WSGI_caddy,v1,12x4,3,0,1,60,1,4,1,no,1,0,59,8,0,472,2340,0,0,3401597.775323,121158695.187417,102411047.991467,1,1,0,0.0,0.000128,17589719212.55101,35738287073.65833,2.9664892652612163,1.8212630996003478
1,5g,18mk,1,tcp,http-1.1_p,WSGI_caddy,v1,8x4,1,0,1,60,0,2,1,no,1,0,59,8,0,472,23,0,1357,9789989.913305,165551695.184803,197690325.916089,1,1,1,0.044479,9.2e-05,24250623681.77884,43585407289.32863,4.49198356988585,2.3833847402500674
1,5g,18mk,1,tcp,http-1.1_p,WSGI_caddy,v1,8x4,1,0,1,60,1,2,1,no,1,0,59,8,0,472,1380,0,0,9432357.861982,152463392.07696,129292304.100605,1,1,0,0.031757,9.4e-05,22350887488.14849,32874982634.43785,4.05690200445269,1.6161527731598144
1,5g,18mk,1,tcp,http-1.1_p,WSGI_caddy,v1,8x4,1,0,1,60,0,4,1,no,1,0,59,8,0,472,23,0,1357,8016027.250082,143979179.592771,156614794.944442,1,1,1,0.0,0.000109,21069675004.862003,35771516086.741936,3.763476035757767,1.8236434310899083
1,5g,18mk,1,tcp,http-1.1_p,WSGI_caddy,v1,8x4,1,0,1,60,1,4,1,no,2,0,58,12,0,468,1375,0,5,9358168.540553,121642884.500951,113065648.103154,1,1,0,0.0,0.00485,17909618445.81934,27673819428.108906,3.0397532582608333,1.2435719645989705
1,5g,18mk,1,tcp,http-1.1_p,WSGI_caddy,v1,8x4,2,0,1,60,0,2,1,no,1,0,59,8,0,472,23,0,1357,6781023.037584,147097771.86292,185085949.980655,1,1,1,0.083462,0.009294,21466882114.440125,39948050162.35043,3.854445240648357,2.122825821863307
1,5g,18mk,1,tcp,http-1.1_p,WSGI_caddy,v1,8x4,2,0,1,60,1,2,1,no,1,0,59,13,0,467,1375,0,5,6193811.540896,143461307.2931,112239514.473537,1,1,0,0.076058,0.000128,20918568333.596493,29521478580.975742,3.7288692691435257,1.3759274231399177
1,5g,18mk,1,tcp,http-1.1_p,WSGI_caddy,v1,8x4,2,0,1,60,0,4,1,no,1,0,59,8,0,472,23,0,1357,4797861.900537,95109067.123429,116515763.858975,1,1,1,0.0,0.00078,13897215864.59299,25411156055.206924,2.1208244080124308,1.0814880392280064
1,5g,18mk,1,tcp,http-1.1_p,WSGI_caddy,v1,8x4,2,0,1,60,1,4,1,no,1,0,59,8,0,472,1380,0,0,5650001.404701,118302509.162682,97649127.939274,1,1,0,0.0,0.000147,17272861377.42305,25069920593.334164,2.8939218196393113,1.0570439333134907
1,5g,18mk,1,tcp,http-1.1_p,WSGI_caddy,v1,8x4,3,0,1,60,0,2,1,no,1,0,59,8,0,472,23,0,1357,3677568.977234,121192499.717129,141157491.247155,1,1,1,0.047214,0.000264,17606177855.106335,31268671660.791527,2.970258658081064,1.5010860818025709
1,5g,18mk,1,tcp,http-1.1_p,WSGI_caddy,v1,8x4,3,0,1,60,1,2,1,no,2,0,58,14,0,466,1373,0,7,5612208.272791,125901334.24046,95547106.128607,1,1,0,0.389356,0.000148,18365504875.40857,25507741477.714268,3.1441613240283117,1.08840685207533
1,5g,18mk,1,tcp,http-1.1_p,WSGI_caddy,v1,8x4,3,0,1,60,0,4,1,no,1,0,59,8,0,472,23,0,1357,5687983.227672,132157837.785844,171703131.974332,1,1,1,0.0,0.000112,19269623935.723232,36621079934.46057,3.3512245665030207,1.8845011993910268
1,5g,18mk,1,tcp,http-1.1_p,WSGI_caddy,v1,8x4,3,0,1,60,1,4,1,no,1,0,59,8,0,472,1380,0,0,6745430.49119,140020778.365772,106825424.102271,1,1,0,0.0,0.000133,20446300164.300545,28467211328.956898,3.6207094230077965,1.300405904276901
1,5g,7id5,1,tcp,http-1.1_p,WSGI_caddy,v1,12x4,1,0,1,60,0,2,1,no,1,0,59,8,0,472,39,0,2301,7015909.79598,45695444.03655,55286545.681147,1,1,1,0.225332,9.4e-05,6874812150.725055,17618482526.359158,0.5125387885787861,0.5232666396964873
1,5g,7id5,1,tcp,http-1.1_p,WSGI_caddy,v1,12x4,1,0,1,60,1,2,1,no,1,0,59,8,0,472,2340,0,0,6772027.80371,94640411.042159,20192163.497262,1,1,0,0.477375,8.6e-05,13912644354.773582,14094870883.209328,2.1243578731759354,0.27085578024457235
1,5g,7id5,1,tcp,http-1.1_p,WSGI_caddy,v1,12x4,1,0,1,60,0,4,1,no,1,0,59,8,0,472,39,0,2301,7618775.763704,124094887.898144,72004469.445891,1,1,1,0.0,0.00012,18189652438.407726,29082143669.6354,3.1038872302714546,1.3444560483718635
1,5g,7id5,1,tcp,http-1.1_p,WSGI_caddy,v1,12x4,1,0,1,60,1,4,1,no,2,0,58,15,0,465,2332,0,8,7387120.824521,166434713.303742,85304866.181836,1,1,0,0.0,8.8e-05,24276857789.36837,36249330237.43839,4.497991760199886,1.8578712327462132
1,5g,7id5,1,tcp,http-1.1_p,WSGI_caddy,v1,12x4,2,0,1,60,0,2,1,no,1,0,59,8,0,472,39,0,2301,4217076.39454,167316357.074965,247058651.269376,1,1,1,0.112516,0.000118,24270672625.881344,74051211883.31705,4.49657522109229,4.565776189776712
1,5g,7id5,1,tcp,http-1.1_p,WSGI_caddy,v1,12x4,2,0,1,60,1,2,1,no,1,0,59,8,0,472,2340,0,0,5270816.207857,145278734.086288,151829538.597219,1,1,0,0.077325,9.7e-05,21141511987.822536,49696244783.53004,3.7799282921854003,2.8211292762805886
1,5g,7id5,1,tcp,http-1.1_p,WSGI_caddy,v1,12x4,2,0,1,60,0,4,1,no,1,0,59,8,0,472,39,0,2301,4567867.336861,164907499.666985,273888590.868248,1,1,1,0.0,9.4e-05,23938530379.193665,80112900658.34828,4.42050730749466,5.0
1,5g,7id5,1,tcp,http-1.1_p,WSGI_caddy,v1,12x4,2,0,1,60,1,4,1,no,1,0,59,8,0,472,2340,0,0,5735165.948238,155990847.090527,142915854.526475,1,1,0,0.0,9e-05,22703558949.86156,48658308248.81126,4.137671561910298,2.746777594166519
1,5g,7id5,1,tcp,http-1.1_p,WSGI_caddy,v1,12x4,3,0,1,60,0,2,1,no,1,0,59,8,0,472,39,0,2301,4655060.999722,136653531.381925,247605146.172229,1,1,1,0.101846,9.6e-05,19873621079.54713,71253855777.51631,3.4895532585251887,4.365390014918054
1,5g,7id5,1,tcp,http-1.1_p,WSGI_caddy,v1,12x4,3,0,1,60,1,2,1,no,1,0,59,8,0,472,2340,0,0,5377469.579384,158860960.954952,134247660.972945,1,1,0,0.080311,9e-05,23101832098.501545,46890458640.43287,4.228884913301546,2.6201392230225213
1,5g,7id5,1,tcp,http-1.1_p,WSGI_caddy,v1,12x4,3,0,1,60,0,4,1,no,1,0,59,8,0,472,39,0,2301,4147823.871996,154664253.082065,257943531.352872,1,1,1,0.0,8.6e-05,22445861045.440865,75380763234.07376,4.078653047634405,4.661017445941356
1,5g,7id5,1,tcp,http-1.1_p,WSGI_caddy,v1,12x4,3,0,1,60,1,4,1,no,2,0,58,19,0,461,2328,0,12,5092361.238703,148444758.272413,143220956.31537,1,1,0,0.0,9.6e-05,21589924362.25267,47978279743.07347,3.882624634172674,2.6980643428299906
1,5g,7id5,1,tcp,http-1.1_p,WSGI_caddy,v1,8x4,1,0,1,60,0,2,1,no,1,0,59,8,0,472,23,0,1357,6716208.188133,60872046.640446,67539315.026727,1,1,1,0.408267,9.1e-05,9047655457.369877,15446222692.31683,1.0101679175419114,0.3676586933073218
1,5g,7id5,1,tcp,http-1.1_p,WSGI_caddy,v1,8x4,1,0,1,60,1,2,1,no,1,0,59,8,0,472,1380,0,0,10681584.508232,168789051.426967,27058958.804929,1,1,0,0.575045,9.1e-05,24754249951.35597,20386511798.041744,4.607325113883151,0.7215520122663472
1,5g,7id5,1,tcp,http-1.1_p,WSGI_caddy,v1,8x4,1,0,1,60,0,4,1,no,1,0,59,8,0,472,23,0,1357,8237874.716368,172447120.795775,244709543.575313,1,1,1,0.0,0.000101,25178376131.678585,50670831346.87454,4.7044593807854,2.8909429382209755
1,5g,7id5,1,tcp,http-1.1_p,WSGI_caddy,v1,8x4,1,0,1,60,1,4,1,no,1,0,59,8,0,472,1380,0,0,8716621.932719,159420273.923794,132520415.599939,1,1,0,0.0,0.000273,23322617565.19933,33958261769.748863,4.279449663711547,1.6937525330827763
1,5g,7id5,1,tcp,http-1.1_p,WSGI_caddy,v1,8x4,2,0,1,60,0,2,1,no,1,0,59,8,0,472,23,0,1357,6350482.97422,170409004.649894,246063280.581985,1,1,1,0.090876,9.6e-05,24805616953.11086,50582717450.22981,4.619089292304376,2.8846309757704622
1,5g,7id5,1,tcp,http-1.1_p,WSGI_caddy,v1,8x4,2,0,1,60,1,2,1,no,1,0,59,8,0,472,1380,0,0,7505090.723555,175715180.530774,131515834.253556,1,1,0,0.029275,0.000108,25618199805.69432,35333056267.30793,4.805188720599495,1.7922347427704608
1,5g,7id5,1,tcp,http-1.1_p,WSGI_caddy,v1,8x4,2,0,1,60,0,4,1,no,1,0,59,8,0,472,23,0,1357,5832042.070754,162465138.575068,236126645.364462,1,1,1,0.0,9.1e-05,23639925720.781048,48427076129.47365,4.352120242667767,2.730213482145729
1,5g,7id5,1,tcp,http-1.1_p,WSGI_caddy,v1,8x4,2,0,1,60,1,4,1,no,1,0,59,8,0,472,1380,0,0,7219115.303478,165534762.553418,142351267.141544,1,1,0,0.0,0.000111,24140208649.437733,35839014912.5067,4.466696087718908,1.8284786508441626
1,5g,7id5,1,tcp,http-1.1_p,WSGI_caddy,v1,8x4,3,0,1,60,0,2,1,no,1,0,59,8,0,472,23,0,1357,5538427.192456,159357012.390415,217602672.491827,1,1,1,0.125243,9.7e-05,23180023724.76395,45560055933.89619,4.24679252345925,2.5248369807260658
1,5g,7id5,1,tcp,http-1.1_p,WSGI_caddy,v1,8x4,3,0,1,60,1,2,1,no,2,0,58,10,0,470,1377,0,3,6545174.788931,170461134.832736,147455919.431227,1,1,0,0.029622,0.000107,24821300755.921204,36988083165.55919,4.622681229701551,1.9107911570721814
1,5g,7id5,1,tcp,http-1.1_p,WSGI_caddy,v1,8x4,3,0,1,60,0,4,1,no,1,0,59,8,0,472,23,0,1357,5468249.052526,164171933.279248,245999015.661185,1,1,1,0.0,0.000106,23870424851.41728,49938036215.25689,4.404909636755453,2.838449795472575
1,5g,7id5,1,tcp,http-1.1_p,WSGI_caddy,v1,8x4,3,0,1,60,1,4,1,no,1,0,59,8,0,472,1380,0,0,5797921.767508,176068478.522201,158052902.176642,1,1,0,0.0,0.000233,25597373620.43128,38957387151.84227,4.80041906399316,2.051860537594335
1,5g,7id5,1,tcp,http-1.1_p,WSGI_caddy,v1,12x4,1,0,1,60,0,2,1,no,1,0,59,8,0,472,39,0,2301,7015909.79598,45695444.03655,55286545.681147,1,1,1,0.225332,9.4e-05,6874812150.725055,17618482526.359158,0.5125387885787861,0.5232666396964873
1,5g,7id5,1,tcp,http-1.1_p,WSGI_caddy,v1,12x4,1,0,1,60,1,2,1,no,1,0,59,8,0,472,2340,0,0,6772027.80371,94640411.042159,20192163.497262,1,1,0,0.477375,8.6e-05,13912644354.773582,14094870883.209328,2.1243578731759354,0.27085578024457235
1,5g,7id5,1,tcp,http-1.1_p,WSGI_caddy,v1,12x4,1,0,1,60,0,4,1,no,1,0,59,8,0,472,39,0,2301,7618775.763704,124094887.898144,72004469.445891,1,1,1,0.0,0.00012,18189652438.407726,29082143669.6354,3.1038872302714546,1.3444560483718635
1,5g,7id5,1,tcp,http-1.1_p,WSGI_caddy,v1,12x4,1,0,1,60,1,4,1,no,2,0,58,15,0,465,2332,0,8,7387120.824521,166434713.303742,85304866.181836,1,1,0,0.0,8.8e-05,24276857789.36837,36249330237.43839,4.497991760199886,1.8578712327462132
1,5g,7id5,1,tcp,http-1.1_p,WSGI_caddy,v1,12x4,2,0,1,60,0,2,1,no,1,0,59,8,0,472,39,0,2301,4217076.39454,167316357.074965,247058651.269376,1,1,1,0.112516,0.000118,24270672625.881344,74051211883.31705,4.49657522109229,4.565776189776712
1,5g,7id5,1,tcp,http-1.1_p,WSGI_caddy,v1,12x4,2,0,1,60,1,2,1,no,1,0,59,8,0,472,2340,0,0,5270816.207857,145278734.086288,151829538.597219,1,1,0,0.077325,9.7e-05,21141511987.822536,49696244783.53004,3.7799282921854003,2.8211292762805886
1,5g,7id5,1,tcp,http-1.1_p,WSGI_caddy,v1,12x4,2,0,1,60,0,4,1,no,1,0,59,8,0,472,39,0,2301,4567867.336861,164907499.666985,273888590.868248,1,1,1,0.0,9.4e-05,23938530379.193665,80112900658.34828,4.42050730749466,5.0
1,5g,7id5,1,tcp,http-1.1_p,WSGI_caddy,v1,12x4,2,0,1,60,1,4,1,no,1,0,59,8,0,472,2340,0,0,5735165.948238,155990847.090527,142915854.526475,1,1,0,0.0,9e-05,22703558949.86156,48658308248.81126,4.137671561910298,2.746777594166519
1,5g,7id5,1,tcp,http-1.1_p,WSGI_caddy,v1,12x4,3,0,1,60,0,2,1,no,1,0,59,8,0,472,39,0,2301,4655060.999722,136653531.381925,247605146.172229,1,1,1,0.101846,9.6e-05,19873621079.54713,71253855777.51631,3.4895532585251887,4.365390014918054
1,5g,7id5,1,tcp,http-1.1_p,WSGI_caddy,v1,12x4,3,0,1,60,1,2,1,no,1,0,59,8,0,472,2340,0,0,5377469.579384,158860960.954952,134247660.972945,1,1,0,0.080311,9e-05,23101832098.501545,46890458640.43287,4.228884913301546,2.6201392230225213
1,5g,7id5,1,tcp,http-1.1_p,WSGI_caddy,v1,12x4,3,0,1,60,0,4,1,no,1,0,59,8,0,472,39,0,2301,4147823.871996,154664253.082065,257943531.352872,1,1,1,0.0,8.6e-05,22445861045.440865,75380763234.07376,4.078653047634405,4.661017445941356
1,5g,7id5,1,tcp,http-1.1_p,WSGI_caddy,v1,12x4,3,0,1,60,1,4,1,no,2,0,58,19,0,461,2328,0,12,5092361.238703,148444758.272413,143220956.31537,1,1,0,0.0,9.6e-05,21589924362.25267,47978279743.07347,3.882624634172674,2.6980643428299906
1,5g,7id5,1,tcp,http-1.1_p,WSGI_caddy,v1,8x4,1,0,1,60,0,2,1,no,1,0,59,8,0,472,23,0,1357,6716208.188133,60872046.640446,67539315.026727,1,1,1,0.408267,9.1e-05,9047655457.369877,15446222692.31683,1.0101679175419114,0.3676586933073218
1,5g,7id5,1,tcp,http-1.1_p,WSGI_caddy,v1,8x4,1,0,1,60,1,2,1,no,1,0,59,8,0,472,1380,0,0,10681584.508232,168789051.426967,27058958.804929,1,1,0,0.575045,9.1e-05,24754249951.35597,20386511798.041744,4.607325113883151,0.7215520122663472
1,5g,7id5,1,tcp,http-1.1_p,WSGI_caddy,v1,8x4,1,0,1,60,0,4,1,no,1,0,59,8,0,472,23,0,1357,8237874.716368,172447120.795775,244709543.575313,1,1,1,0.0,0.000101,25178376131.678585,50670831346.87454,4.7044593807854,2.8909429382209755
1,5g,7id5,1,tcp,http-1.1_p,WSGI_caddy,v1,8x4,1,0,1,60,1,4,1,no,1,0,59,8,0,472,1380,0,0,8716621.932719,159420273.923794,132520415.599939,1,1,0,0.0,0.000273,23322617565.19933,33958261769.748863,4.279449663711547,1.6937525330827763
1,5g,7id5,1,tcp,http-1.1_p,WSGI_caddy,v1,8x4,2,0,1,60,0,2,1,no,1,0,59,8,0,472,23,0,1357,6350482.97422,170409004.649894,246063280.581985,1,1,1,0.090876,9.6e-05,24805616953.11086,50582717450.22981,4.619089292304376,2.8846309757704622
1,5g,7id5,1,tcp,http-1.1_p,WSGI_caddy,v1,8x4,2,0,1,60,1,2,1,no,1,0,59,8,0,472,1380,0,0,7505090.723555,175715180.530774,131515834.253556,1,1,0,0.029275,0.000108,25618199805.69432,35333056267.30793,4.805188720599495,1.7922347427704608
1,5g,7id5,1,tcp,http-1.1_p,WSGI_caddy,v1,8x4,2,0,1,60,0,4,1,no,1,0,59,8,0,472,23,0,1357,5832042.070754,162465138.575068,236126645.364462,1,1,1,0.0,9.1e-05,23639925720.781048,48427076129.47365,4.352120242667767,2.730213482145729
1,5g,7id5,1,tcp,http-1.1_p,WSGI_caddy,v1,8x4,2,0,1,60,1,4,1,no,1,0,59,8,0,472,1380,0,0,7219115.303478,165534762.553418,142351267.141544,1,1,0,0.0,0.000111,24140208649.437733,35839014912.5067,4.466696087718908,1.8284786508441626
1,5g,7id5,1,tcp,http-1.1_p,WSGI_caddy,v1,8x4,3,0,1,60,0,2,1,no,1,0,59,8,0,472,23,0,1357,5538427.192456,159357012.390415,217602672.491827,1,1,1,0.125243,9.7e-05,23180023724.76395,45560055933.89619,4.24679252345925,2.5248369807260658
1,5g,7id5,1,tcp,http-1.1_p,WSGI_caddy,v1,8x4,3,0,1,60,1,2,1,no,2,0,58,10,0,470,1377,0,3,6545174.788931,170461134.832736,147455919.431227,1,1,0,0.029622,0.000107,24821300755.921204,36988083165.55919,4.622681229701551,1.9107911570721814
1,5g,7id5,1,tcp,http-1.1_p,WSGI_caddy,v1,8x4,3,0,1,60,0,4,1,no,1,0,59,8,0,472,23,0,1357,5468249.052526,164171933.279248,245999015.661185,1,1,1,0.0,0.000106,23870424851.41728,49938036215.25689,4.404909636755453,2.838449795472575
1,5g,7id5,1,tcp,http-1.1_p,WSGI_caddy,v1,8x4,3,0,1,60,1,4,1,no,1,0,59,8,0,472,1380,0,0,5797921.767508,176068478.522201,158052902.176642,1,1,0,0.0,0.000233,25597373620.43128,38957387151.84227,4.80041906399316,2.051860537594335
1,5g,i16j,1,tcp,http-1.1_p,WSGI_caddy,v1,12x4,1,0,1,60,0,2,1,no,1,0,59,8,0,472,39,0,2301,6355320.511285,150769862.894387,243341102.672935,1,1,1,0.00051,9.2e-05,21977783717.26304,71682648323.79921,3.9714529967167005,4.396106196522304
1,5g,i16j,1,tcp,http-1.1_p,WSGI_caddy,v1,12x4,1,0,1,60,1,2,1,no,1,0,59,8,0,472,2340,0,0,7530745.671767,162619461.676195,118643176.596666,1,1,0,0.0,8.9e-05,23733493798.58598,43690262961.84839,4.373549399990998,2.3908959852735006
1,5g,i16j,1,tcp,http-1.1_p,WSGI_caddy,v1,12x4,1,0,1,60,0,4,1,no,1,0,59,8,0,472,39,0,2301,7243647.456097,130453439.035936,262233471.596353,1,1,1,0.0,9e-05,19089528413.33049,74190395693.15213,3.3099787124350404,4.575746501099347
1,5g,i16j,1,tcp,http-1.1_p,WSGI_caddy,v1,12x4,1,0,1,60,1,4,1,no,2,0,58,13,0,467,2334,0,6,6720695.272131,163898227.489902,137642057.554562,1,1,0,0.0,9.8e-05,23883613958.974937,48224740507.327095,4.407930233816293,2.715719345601755
1,5g,i16j,1,tcp,http-1.1_p,WSGI_caddy,v1,12x4,2,0,1,60,0,2,1,no,1,0,59,8,0,472,39,0,2301,4937245.780833,147568864.152476,268546686.122689,1,1,1,0.026644,9.1e-05,21457280759.63653,77213899833.02695,3.852246318244166,4.792332593946973
1,5g,i16j,1,tcp,http-1.1_p,WSGI_caddy,v1,12x4,2,0,1,60,1,2,1,no,1,0,59,8,0,472,2340,0,0,5724157.917006,153479523.016672,143622366.591795,1,1,0,0.040776,9.7e-05,22341465945.7393,48582082623.51901,4.054744263060001,2.741317237708202
1,5g,i16j,1,tcp,http-1.1_p,WSGI_caddy,v1,12x4,2,0,1,60,0,4,1,no,1,0,59,8,0,472,39,0,2301,4314109.716652,158151335.954778,255729043.14077,1,1,1,0.0,9.7e-05,22954984984.587044,75204316953.69789,4.1952536794410324,4.648377869907672
1,5g,i16j,1,tcp,http-1.1_p,WSGI_caddy,v1,12x4,2,0,1,60,1,4,1,no,1,0,59,8,0,472,2340,0,0,5559760.968627,156462935.284406,143810373.931564,1,1,0,0.0,0.000111,22764172640.63632,48905579247.07092,4.151553436434448,2.7644906373475386
1,5g,i16j,1,tcp,http-1.1_p,WSGI_caddy,v1,12x4,3,0,1,60,0,2,1,no,1,0,59,8,0,472,39,0,2301,4284843.990671,148216398.027246,248072060.572436,1,1,1,0.01949,9.4e-05,21523124762.447346,72457599831.08952,3.8673260497949817,4.451619174625035
1,5g,i16j,1,tcp,http-1.1_p,WSGI_caddy,v1,12x4,3,0,1,60,1,2,1,no,1,0,59,13,0,467,2335,0,5,4947747.463885,166614805.066218,156046228.235622,1,1,0,0.046923,8.8e-05,24200337321.816425,52717644085.87355,4.4804668823132605,3.0375645909199194
1,5g,i16j,1,tcp,http-1.1_p,WSGI_caddy,v1,12x4,3,0,1,60,0,4,1,no,1,0,59,8,0,472,39,0,2301,4407546.901171,146986045.336886,244123226.557717,1,1,1,0.0,9.9e-05,21351107497.360306,71420612335.69565,3.827930295149396,4.377335476118671
1,5g,i16j,1,tcp,http-1.1_p,WSGI_caddy,v1,12x4,3,0,1,60,1,4,1,no,2,0,58,14,0,466,2333,0,7,5096752.860268,147673205.3982,148115164.238589,1,1,0,0.0,8.9e-05,21479005196.47171,49049639769.28787,3.8572216943085347,2.7748102877257415
1,5g,i16j,1,tcp,http-1.1_p,WSGI_caddy,v1,8x4,1,0,1,60,0,2,1,no,1,0,59,8,0,472,23,0,1357,7862376.707655,170066417.815179,247971678.066206,1,1,1,0.047836,9.7e-05,24819783985.901253,50876687503.90904,4.622333855852016,2.9056892652237147
1,5g,i16j,1,tcp,http-1.1_p,WSGI_caddy,v1,8x4,1,0,1,60,1,2,1,no,1,0,59,8,0,472,1380,0,0,9332148.740185,169121396.314745,142770034.850531,1,1,0,0.050723,9.6e-05,24745431315.192585,36329869101.55807,4.605305451342734,1.863640564321459
1,5g,i16j,1,tcp,http-1.1_p,WSGI_caddy,v1,8x4,1,0,1,60,0,4,1,no,1,0,59,8,0,472,23,0,1357,8479649.943405,169282486.29528,238008256.468522,1,1,1,0.0,0.000121,24732823323.14278,49452403373.62535,4.60241794257368,2.8036619086824417
1,5g,i16j,1,tcp,http-1.1_p,WSGI_caddy,v1,8x4,1,0,1,60,1,4,1,no,2,0,58,13,0,467,1374,0,6,8664498.34241,169321002.230618,147824756.406555,1,1,0,0.0,9.3e-05,24746133250.58977,37018541527.72478,4.605466210058847,1.912973015389814
1,5g,i16j,1,tcp,http-1.1_p,WSGI_caddy,v1,8x4,2,0,1,60,0,2,1,no,1,0,59,8,0,472,23,0,1357,5996691.032814,166395420.152761,235422388.18222,1,1,1,0.109234,0.000109,24212801523.90559,48714110925.71948,4.483321460004106,2.7507749704566975
1,5g,i16j,1,tcp,http-1.1_p,WSGI_caddy,v1,8x4,2,0,1,60,1,2,1,no,1,0,59,11,0,469,1377,0,3,7309551.155289,170774204.634584,151323161.507268,1,1,0,0.06232,9.6e-05,24898486614.63389,37583921080.27682,4.640358496866654,1.9534734885488338
1,5g,i16j,1,tcp,http-1.1_p,WSGI_caddy,v1,8x4,2,0,1,60,0,4,1,no,1,0,59,8,0,472,23,0,1357,6079614.613643,172376992.419294,262416723.448772,1,1,1,0.0,0.000252,25077630721.15024,53017042920.95471,4.681386455676195,3.059011766413466
1,5g,i16j,1,tcp,http-1.1_p,WSGI_caddy,v1,8x4,2,0,1,60,1,4,1,no,2,0,58,17,0,463,1370,0,10,6203074.072265,173344672.035872,136095194.462928,1,1,0,0.0,9.7e-05,25222161883.20025,35682754461.46241,4.714487285385831,1.8172850691612574
1,5g,i16j,1,tcp,http-1.1_p,WSGI_caddy,v1,8x4,3,0,1,60,0,2,1,no,1,0,59,8,0,472,23,0,1357,5975435.714878,162986285.507305,247686264.886302,1,1,1,0.0,9e-05,23720993412.07648,50078356262.03556,4.370686535268355,2.8485015001417295
1,5g,i16j,1,tcp,http-1.1_p,WSGI_caddy,v1,8x4,3,0,1,60,1,2,1,no,1,0,59,13,0,467,1375,0,5,5815209.010321,173709759.817057,146277897.148848,1,1,0,0.099768,9.8e-05,25258444190.66034,37106725526.082695,4.7227967354980045,1.9192899995156611
1,5g,i16j,1,tcp,http-1.1_p,WSGI_caddy,v1,8x4,3,0,1,60,0,4,1,no,1,0,59,8,0,472,23,0,1357,5833995.904393,171076792.801798,245913189.111919,1,1,1,0.0,9.8e-05,24880085990.44301,50604420033.4016,4.6361443473417046,2.8861856214651342
1,5g,i16j,1,tcp,http-1.1_p,WSGI_caddy,v1,8x4,3,0,1,60,1,4,1,no,1,0,59,8,0,472,1380,0,0,5141483.007073,167283482.030009,155343478.862961,1,1,0,0.0,9.5e-05,24304763697.61793,37712556643.366135,4.504382829805637,1.9626881853780311
1,5g,i16j2,1,tcp,http-1.1_p,WSGI_caddy,v1,12x4,1,0,1,60,0,2,1,no,1,0,59,8,0,472,39,0,2301,6240933.265421,160853869.212376,244279161.975535,1,1,1,0.057623,8.7e-05,23425076362.48163,72865414542.56274,4.30291499224687,4.480832627254018
1,5g,i16j2,1,tcp,http-1.1_p,WSGI_caddy,v1,12x4,1,0,1,60,1,2,1,no,1,0,59,8,0,472,2340,0,0,7546182.027011,154983327.845389,144213860.470234,1,1,0,0.013846,0.000104,22634538853.810463,48941382467.36673,4.121864434827629,2.7670553699347917
1,5g,i16j2,1,tcp,http-1.1_p,WSGI_caddy,v1,12x4,1,0,1,60,0,4,1,no,1,0,59,8,0,472,39,0,2301,6051088.276169,163168687.137425,252978384.599652,1,1,1,0.0,0.000106,23750436654.38787,75115281668.10995,4.377429688343618,4.64199990456053
1,5g,i16j2,1,tcp,http-1.1_p,WSGI_caddy,v1,12x4,1,0,1,60,1,4,1,no,2,0,58,16,0,464,2331,0,9,6506078.214196,158047956.715219,146821743.176125,1,1,0,0.0,9.1e-05,23032161050.98733,49802147031.97004,4.212928703950223,2.8287154918610136
1,5g,i16j2,1,tcp,http-1.1_p,WSGI_caddy,v1,12x4,2,0,1,60,0,2,1,no,1,0,59,8,0,472,39,0,2301,5208300.420916,154547020.167293,247144068.646791,1,1,1,0.034703,0.000102,22473519520.61898,72886974615.93796,4.084987449599445,4.482377064383196
1,5g,i16j2,1,tcp,http-1.1_p,WSGI_caddy,v1,12x4,2,0,1,60,1,2,1,no,1,0,59,11,0,469,2337,0,3,6371757.513778,144219525.730605,152850528.835457,1,1,0,0.137431,8.6e-05,21035225519.19447,49879712031.72254,3.7555863423346203,2.8342717932454127
1,5g,i16j2,1,tcp,http-1.1_p,WSGI_caddy,v1,12x4,2,0,1,60,0,4,1,no,1,0,59,8,0,472,39,0,2301,4556815.461626,133914862.805161,251822436.133092,1,1,1,0.0,9.2e-05,19475126492.331043,71973663132.82693,3.398289192807045,4.416952789591868
1,5g,i16j2,1,tcp,http-1.1_p,WSGI_caddy,v1,12x4,2,0,1,60,1,4,1,no,2,0,58,12,0,468,2335,0,5,6002417.036689,133853693.036296,153770638.142944,1,1,0,0.0,9.1e-05,19527033311.76719,49084385371.57383,3.410177001405237,2.7772992587655048
1,5g,i16j2,1,tcp,http-1.1_p,WSGI_caddy,v1,12x4,3,0,1,60,0,2,1,no,1,0,59,8,0,472,39,0,2301,4234715.916954,165050208.639258,266284825.543837,1,1,1,0.156726,0.000122,23945088110.89069,78333327273.46413,4.422009172954717,4.872521806309271
1,5g,i16j2,1,tcp,http-1.1_p,WSGI_caddy,v1,12x4,3,0,1,60,1,2,1,no,2,0,58,13,0,467,2334,0,6,4349577.450971,158058817.372466,152686681.171674,1,1,0,0.081706,9.7e-05,22943151953.22412,51085012113.61751,4.1925436537930185,2.9206124176896586
1,5g,i16j2,1,tcp,http-1.1_p,WSGI_caddy,v1,12x4,3,0,1,60,0,4,1,no,1,0,59,8,0,472,39,0,2301,4696009.858029,158109108.198446,255597948.680619,1,1,1,0.0,9.7e-05,22964943993.61305,75185626791.35251,4.197534512564983,4.6470390163623145
1,5g,i16j2,1,tcp,http-1.1_p,WSGI_caddy,v1,12x4,3,0,1,60,1,4,1,no,2,0,58,14,0,466,2333,0,7,4754957.181021,160806601.821298,157170847.344708,1,1,0,0.0,0.000102,23355858862.86931,52415120254.20884,4.287062655386799,3.0158935590104785
1,5g,i16j2,1,tcp,http-1.1_p,WSGI_caddy,v1,8x4,1,0,1,60,0,2,1,no,1,0,59,8,0,472,23,0,1357,7861156.787139,181518426.540861,250630835.476822,1,1,1,0.038494,9.4e-05,26468822005.77792,52342992827.61797,5.0,3.0107267734564442
1,5g,i16j2,1,tcp,http-1.1_p,WSGI_caddy,v1,8x4,1,0,1,60,1,2,1,no,1,0,59,8,0,472,1380,0,0,9465589.543124,174593633.948222,145660664.311304,1,1,0,0.102442,9.6e-05,25539038047.914192,37259715293.45953,4.787058928887941,1.9302492886149607
1,5g,i16j2,1,tcp,http-1.1_p,WSGI_caddy,v1,8x4,1,0,1,60,0,4,1,no,1,0,59,8,0,472,23,0,1357,9569255.959433,166945505.930528,237543301.07388,1,1,1,0.0,0.000408,24442061603.290493,49209652866.82061,4.535827083976822,2.7862726869803023
1,5g,i16j2,1,tcp,http-1.1_p,WSGI_caddy,v1,8x4,1,0,1,60,1,4,1,no,1,0,59,13,0,467,1375,0,5,9471835.212057,170822844.14719,161239937.143932,1,1,0,0.0,9.7e-05,24996306635.101288,39047921441.99883,4.662761443011681,2.0583458828317176
1,5g,i16j2,1,tcp,http-1.1_p,WSGI_caddy,v1,8x4,2,0,1,60,0,2,1,no,1,0,59,8,0,472,23,0,1357,6239751.277282,158544643.908431,241192379.781425,1,1,1,0.032244,0.000108,23092498275.320763,48766903777.55268,4.226747261550431,2.754556740541956
1,5g,i16j2,1,tcp,http-1.1_p,WSGI_caddy,v1,8x4,2,0,1,60,1,2,1,no,1,0,59,8,0,472,1380,0,0,7685939.968488,169704840.810918,153190462.303502,1,1,0,0.04636,9.1e-05,24760306554.248875,37754757993.30814,4.608712209773985,1.9657112424250816
1,5g,i16j2,1,tcp,http-1.1_p,WSGI_caddy,v1,8x4,2,0,1,60,0,4,1,no,1,0,59,8,0,472,23,0,1357,6031567.249343,169239672.388063,246765135.125369,1,1,1,0.0,0.000121,24623838647.35293,50553923020.02681,4.577458043662524,2.88256831177368
1,5g,i16j2,1,tcp,http-1.1_p,WSGI_caddy,v1,8x4,2,0,1,60,1,4,1,no,1,0,59,8,0,472,1380,0,0,6827697.885499,161839010.756624,157058604.249088,1,1,0,0.0,0.000132,23591580859.14423,37497395729.30045,4.341048201111618,1.9472753201874649
1,5g,i16j2,1,tcp,http-1.1_p,WSGI_caddy,v1,8x4,3,0,1,60,0,2,1,no,1,0,59,8,0,472,23,0,1357,5330192.83628,166478461.905195,272516873.969364,1,1,1,0.05551,9.4e-05,24196766612.23277,53813129048.55558,4.479649110919225,3.116038704684636
1,5g,i16j2,1,tcp,http-1.1_p,WSGI_caddy,v1,8x4,3,0,1,60,1,2,1,no,1,0,59,11,0,469,1377,0,3,6107707.930623,172333622.447248,163533659.726223,1,1,0,0.0376,9.3e-05,25072565364.32778,39368196529.1787,4.680226377038338,2.081288510511266
1,5g,i16j2,1,tcp,http-1.1_p,WSGI_caddy,v1,8x4,3,0,1,60,0,4,1,no,1,0,59,8,0,472,23,0,1357,5120425.571716,150294372.760968,254192685.786166,1,1,1,0.0,9e-05,21857447550.591103,49721908296.55553,3.9438933555678943,2.8229676597448705
1,5g,i16j2,1,tcp,http-1.1_p,WSGI_caddy,v1,8x4,3,0,1,60,1,4,1,no,1,0,59,11,0,469,1377,0,3,6275120.826837,158092352.897212,148827222.870037,1,1,0,0.0,8.9e-05,23028853890.92528,35978577708.02422,4.212171291220098,1.838476110476973
